<?xml version="1.0" encoding="UTF-8"?>
<!DOCTYPE mapper PUBLIC "-//mybatis.org//DTD Mapper 3.0//EN" "http://mybatis.org/dtd/mybatis-3-mapper.dtd">
<mapper namespace="com.csc.grade.dao.CourseJobMapper">
  <resultMap id="BaseResultMap" type="com.csc.grade.entity.CourseJob">
    <id column="id" jdbcType="VARCHAR" property="id" />
    <result column="course_id" jdbcType="VARCHAR" property="courseId" />
    <result column="name" jdbcType="VARCHAR" property="name" />
    <result column="begin_date" jdbcType="TIMESTAMP" property="beginDate" />
    <result column="end_date" jdbcType="TIMESTAMP" property="endDate" />
    <result column="job_description" jdbcType="VARCHAR" property="jobDescription" />
    <result column="file_url" jdbcType="VARCHAR" property="fileUrl" />
  </resultMap>
  <sql id="Base_Column_List">
    id, course_id, name, begin_date, end_date, job_description, file_url
  </sql>
  <select id="selectByPrimaryKey" parameterType="java.lang.String" resultMap="BaseResultMap">
    select 
    <include refid="Base_Column_List" />
    from course_job
    where id = #{id,jdbcType=VARCHAR}
  </select>
  <delete id="deleteByPrimaryKey" parameterType="java.lang.String">
    delete from course_job
    where id = #{id,jdbcType=VARCHAR}
  </delete>
  <insert id="insert" parameterType="com.csc.grade.entity.CourseJob">
    insert into course_job (id, course_id, name, 
      begin_date, end_date, job_description, 
      file_url)
    values (#{id,jdbcType=VARCHAR}, #{courseId,jdbcType=VARCHAR}, #{name,jdbcType=VARCHAR}, 
      #{beginDate,jdbcType=TIMESTAMP}, #{endDate,jdbcType=TIMESTAMP}, #{jobDescription,jdbcType=VARCHAR}, 
      #{fileUrl,jdbcType=VARCHAR})
  </insert>
  <insert id="insertSelective" parameterType="com.csc.grade.entity.CourseJob">
    insert into course_job
    <trim prefix="(" suffix=")" suffixOverrides=",">
      <if test="id != null">
        id,
      </if>
      <if test="courseId != null">
        course_id,
      </if>
      <if test="name != null">
        name,
      </if>
      <if test="beginDate != null">
        begin_date,
      </if>
      <if test="endDate != null">
        end_date,
      </if>
      <if test="jobDescription != null">
        job_description,
      </if>
      <if test="fileUrl != null">
        file_url,
      </if>
    </trim>
    <trim prefix="values (" suffix=")" suffixOverrides=",">
      <if test="id != null">
        #{id,jdbcType=VARCHAR},
      </if>
      <if test="courseId != null">
        #{courseId,jdbcType=VARCHAR},
      </if>
      <if test="name != null">
        #{name,jdbcType=VARCHAR},
      </if>
      <if test="beginDate != null">
        #{beginDate,jdbcType=TIMESTAMP},
      </if>
      <if test="endDate != null">
        #{endDate,jdbcType=TIMESTAMP},
      </if>
      <if test="jobDescription != null">
        #{jobDescription,jdbcType=VARCHAR},
      </if>
      <if test="fileUrl != null">
        #{fileUrl,jdbcType=VARCHAR},
      </if>
    </trim>
  </insert>
  <update id="updateByPrimaryKeySelective" parameterType="com.csc.grade.entity.CourseJob">
    update course_job
    <set>
      <if test="courseId != null">
        course_id = #{courseId,jdbcType=VARCHAR},
      </if>
      <if test="name != null">
        name = #{name,jdbcType=VARCHAR},
      </if>
      <if test="beginDate != null">
        begin_date = #{beginDate,jdbcType=TIMESTAMP},
      </if>
      <if test="endDate != null">
        end_date = #{endDate,jdbcType=TIMESTAMP},
      </if>
      <if test="jobDescription != null">
        job_description = #{jobDescription,jdbcType=VARCHAR},
      </if>
      <if test="fileUrl != null">
        file_url = #{fileUrl,jdbcType=VARCHAR},
      </if>
    </set>
    where id = #{id,jdbcType=VARCHAR}
  </update>
  <update id="updateByPrimaryKey" parameterType="com.csc.grade.entity.CourseJob">
    update course_job
    set course_id = #{courseId,jdbcType=VARCHAR},
      name = #{name,jdbcType=VARCHAR},
      begin_date = #{beginDate,jdbcType=TIMESTAMP},
      end_date = #{endDate,jdbcType=TIMESTAMP},
      job_description = #{jobDescription,jdbcType=VARCHAR},
      file_url = #{fileUrl,jdbcType=VARCHAR}
    where id = #{id,jdbcType=VARCHAR}
  </update>
</mapper>