<?xml version="1.0" encoding="UTF-8"?>
<!DOCTYPE mapper PUBLIC "-//mybatis.org//DTD Mapper 3.0//EN" "http://mybatis.org/dtd/mybatis-3-mapper.dtd">
<mapper namespace="com.csc.grade.dao.StudentJobMapper">
  <resultMap id="BaseResultMap" type="com.csc.grade.entity.StudentJob">
    <id column="id" jdbcType="VARCHAR" property="id" />
    <result column="student_id" jdbcType="VARCHAR" property="studentId" />
    <result column="job_id" jdbcType="VARCHAR" property="jobId" />
    <result column="is_commit" jdbcType="INTEGER" property="isCommit" />
    <result column="is_check" jdbcType="INTEGER" property="isCheck" />
    <result column="grade" jdbcType="INTEGER" property="grade" />
    <result column="commit_date" jdbcType="TIMESTAMP" property="commitDate" />
    <result column="file_url" jdbcType="VARCHAR" property="fileUrl" />
    <result column="leave_message" jdbcType="VARCHAR" property="leaveMessage" />
  </resultMap>
  <sql id="Base_Column_List">
    id, student_id, job_id, is_commit, is_check, grade, commit_date, file_url, leave_message
  </sql>
  <select id="selectByPrimaryKey" parameterType="java.lang.String" resultMap="BaseResultMap">
    select 
    <include refid="Base_Column_List" />
    from student_job
    where id = #{id,jdbcType=VARCHAR}
  </select>
  <delete id="deleteByPrimaryKey" parameterType="java.lang.String">
    delete from student_job
    where id = #{id,jdbcType=VARCHAR}
  </delete>
  <insert id="insert" parameterType="com.csc.grade.entity.StudentJob">
    insert into student_job (id, student_id, job_id, 
      is_commit, is_check, grade, 
      commit_date, file_url, leave_message
      )
    values (#{id,jdbcType=VARCHAR}, #{studentId,jdbcType=VARCHAR}, #{jobId,jdbcType=VARCHAR}, 
      #{isCommit,jdbcType=INTEGER}, #{isCheck,jdbcType=INTEGER}, #{grade,jdbcType=INTEGER}, 
      #{commitDate,jdbcType=TIMESTAMP}, #{fileUrl,jdbcType=VARCHAR}, #{leaveMessage,jdbcType=VARCHAR}
      )
  </insert>
  <insert id="insertSelective" parameterType="com.csc.grade.entity.StudentJob">
    insert into student_job
    <trim prefix="(" suffix=")" suffixOverrides=",">
      <if test="id != null">
        id,
      </if>
      <if test="studentId != null">
        student_id,
      </if>
      <if test="jobId != null">
        job_id,
      </if>
      <if test="isCommit != null">
        is_commit,
      </if>
      <if test="isCheck != null">
        is_check,
      </if>
      <if test="grade != null">
        grade,
      </if>
      <if test="commitDate != null">
        commit_date,
      </if>
      <if test="fileUrl != null">
        file_url,
      </if>
      <if test="leaveMessage != null">
        leave_message,
      </if>
    </trim>
    <trim prefix="values (" suffix=")" suffixOverrides=",">
      <if test="id != null">
        #{id,jdbcType=VARCHAR},
      </if>
      <if test="studentId != null">
        #{studentId,jdbcType=VARCHAR},
      </if>
      <if test="jobId != null">
        #{jobId,jdbcType=VARCHAR},
      </if>
      <if test="isCommit != null">
        #{isCommit,jdbcType=INTEGER},
      </if>
      <if test="isCheck != null">
        #{isCheck,jdbcType=INTEGER},
      </if>
      <if test="grade != null">
        #{grade,jdbcType=INTEGER},
      </if>
      <if test="commitDate != null">
        #{commitDate,jdbcType=TIMESTAMP},
      </if>
      <if test="fileUrl != null">
        #{fileUrl,jdbcType=VARCHAR},
      </if>
      <if test="leaveMessage != null">
        #{leaveMessage,jdbcType=VARCHAR},
      </if>
    </trim>
  </insert>
  <update id="updateByPrimaryKeySelective" parameterType="com.csc.grade.entity.StudentJob">
    update student_job
    <set>
      <if test="studentId != null">
        student_id = #{studentId,jdbcType=VARCHAR},
      </if>
      <if test="jobId != null">
        job_id = #{jobId,jdbcType=VARCHAR},
      </if>
      <if test="isCommit != null">
        is_commit = #{isCommit,jdbcType=INTEGER},
      </if>
      <if test="isCheck != null">
        is_check = #{isCheck,jdbcType=INTEGER},
      </if>
      <if test="grade != null">
        grade = #{grade,jdbcType=INTEGER},
      </if>
      <if test="commitDate != null">
        commit_date = #{commitDate,jdbcType=TIMESTAMP},
      </if>
      <if test="fileUrl != null">
        file_url = #{fileUrl,jdbcType=VARCHAR},
      </if>
      <if test="leaveMessage != null">
        leave_message = #{leaveMessage,jdbcType=VARCHAR},
      </if>
    </set>
    where id = #{id,jdbcType=VARCHAR}
  </update>
  <update id="updateByPrimaryKey" parameterType="com.csc.grade.entity.StudentJob">
    update student_job
    set student_id = #{studentId,jdbcType=VARCHAR},
      job_id = #{jobId,jdbcType=VARCHAR},
      is_commit = #{isCommit,jdbcType=INTEGER},
      is_check = #{isCheck,jdbcType=INTEGER},
      grade = #{grade,jdbcType=INTEGER},
      commit_date = #{commitDate,jdbcType=TIMESTAMP},
      file_url = #{fileUrl,jdbcType=VARCHAR},
      leave_message = #{leaveMessage,jdbcType=VARCHAR}
    where id = #{id,jdbcType=VARCHAR}
  </update>
</mapper>